rider_id_bins,rider_speed_reasonable,rider_speed_slow,Rider Id
1692.6276112624887,1,0,Rider_Id_432
1692.6276112624887,1,0,Rider_Id_856
2041.4114173228347,1,0,Rider_Id_155
1173.795847750865,1,0,Rider_Id_855
1542.1756465517242,1,0,Rider_Id_770
1421.9195305951382,1,0,Rider_Id_124
1812.0374280230326,1,0,Rider_Id_114
1296.1651583710407,1,0,Rider_Id_913
1605.9941291585128,1,0,Rider_Id_394
1757.3614262560777,1,0,Rider_Id_660
1480.3668085106383,1,0,Rider_Id_208
1692.6276112624887,1,0,Rider_Id_937
1973.7449168207024,1,0,Rider_Id_868
1421.9195305951382,1,0,Rider_Id_536
1173.795847750865,1,0,Rider_Id_607
1250.4728323699421,1,0,Rider_Id_427
1812.0374280230326,1,0,Rider_Id_265
1812.0374280230326,1,0,Rider_Id_725
1480.3668085106383,1,0,Rider_Id_436
2287.2637729549247,1,0,Rider_Id_447
1757.3614262560777,1,0,Rider_Id_366
1057.1355140186915,1,0,Rider_Id_881
1605.9941291585128,1,0,Rider_Id_338
1973.7449168207024,1,0,Rider_Id_596
1605.9941291585128,1,0,Rider_Id_76
996.0909090909091,1,0,Rider_Id_407
2041.4114173228347,1,0,Rider_Id_630
1542.1756465517242,1,0,Rider_Id_237
1480.3668085106383,1,0,Rider_Id_622
2901.5882352941176,0,1,Rider_Id_302
1173.795847750865,1,0,Rider_Id_634
1812.0374280230326,1,0,Rider_Id_75
1480.3668085106383,1,0,Rider_Id_523
1364.4262376237623,1,0,Rider_Id_903
507.82817869415805,0,0,Rider_Id_619
1812.0374280230326,1,0,Rider_Id_328
1757.3614262560777,1,0,Rider_Id_521
1421.9195305951382,1,0,Rider_Id_330
1480.3668085106383,1,0,Rider_Id_229
1173.795847750865,1,0,Rider_Id_484
1757.3614262560777,1,0,Rider_Id_844
1421.9195305951382,1,0,Rider_Id_477
1421.9195305951382,1,0,Rider_Id_650
1296.1651583710407,1,0,Rider_Id_726
1542.1756465517242,1,0,Rider_Id_676
1421.9195305951382,1,0,Rider_Id_647
1649.6213836477987,1,0,Rider_Id_675
1973.7449168207024,1,0,Rider_Id_771
1173.795847750865,1,0,Rider_Id_953
2287.2637729549247,1,0,Rider_Id_441
1812.0374280230326,1,0,Rider_Id_108
2287.2637729549247,1,0,Rider_Id_519
1480.3668085106383,1,0,Rider_Id_462
1542.1756465517242,1,0,Rider_Id_269
1480.3668085106383,1,0,Rider_Id_882
1250.4728323699421,1,0,Rider_Id_61
1649.6213836477987,1,0,Rider_Id_474
1364.4262376237623,1,0,Rider_Id_547
1421.9195305951382,1,0,Rider_Id_188
1757.3614262560777,1,0,Rider_Id_101
2102.314516129032,0,1,Rider_Id_668
1812.0374280230326,1,0,Rider_Id_565
1480.3668085106383,1,0,Rider_Id_448
507.82817869415805,0,0,Rider_Id_39
2102.314516129032,1,0,Rider_Id_231
1296.1651583710407,1,0,Rider_Id_720
1692.6276112624887,1,0,Rider_Id_194
2389.8713692946058,1,0,Rider_Id_401
1649.6213836477987,1,0,Rider_Id_147
507.82817869415805,0,0,Rider_Id_239
507.82817869415805,1,0,Rider_Id_185
1692.6276112624887,1,0,Rider_Id_743
1296.1651583710407,1,0,Rider_Id_710
1920.6940509915014,1,0,Rider_Id_949
889.3928571428571,0,0,Rider_Id_613
1296.1651583710407,1,0,Rider_Id_878
1250.4728323699421,1,0,Rider_Id_785
1869.7919708029196,1,0,Rider_Id_532
2627.579399141631,1,0,Rider_Id_6
1692.6276112624887,1,0,Rider_Id_564
1173.795847750865,1,0,Rider_Id_795
2041.4114173228347,1,0,Rider_Id_810
1542.1756465517242,1,0,Rider_Id_161
1812.0374280230326,1,0,Rider_Id_190
1250.4728323699421,1,0,Rider_Id_103
1480.3668085106383,1,0,Rider_Id_349
1250.4728323699421,1,0,Rider_Id_85
1421.9195305951382,1,0,Rider_Id_247
1649.6213836477987,1,0,Rider_Id_411
1605.9941291585128,1,0,Rider_Id_829
1757.3614262560777,0,1,Rider_Id_508
1250.4728323699421,0,1,Rider_Id_21
1364.4262376237623,1,0,Rider_Id_116
1364.4262376237623,1,0,Rider_Id_555
1173.795847750865,1,0,Rider_Id_531
1173.795847750865,1,0,Rider_Id_438
1480.3668085106383,1,0,Rider_Id_952
1869.7919708029196,1,0,Rider_Id_482
1173.795847750865,1,0,Rider_Id_245
1173.795847750865,1,0,Rider_Id_249
1421.9195305951382,1,0,Rider_Id_606
1692.6276112624887,1,0,Rider_Id_551
1296.1651583710407,1,0,Rider_Id_408
2041.4114173228347,1,0,Rider_Id_753
1173.795847750865,1,0,Rider_Id_446
1757.3614262560777,1,0,Rider_Id_885
2041.4114173228347,1,0,Rider_Id_793
1421.9195305951382,1,0,Rider_Id_705
1692.6276112624887,1,0,Rider_Id_102
2102.314516129032,1,0,Rider_Id_332
1480.3668085106383,1,0,Rider_Id_709
1692.6276112624887,1,0,Rider_Id_465
1364.4262376237623,1,0,Rider_Id_409
1869.7919708029196,1,0,Rider_Id_364
1812.0374280230326,1,0,Rider_Id_846
1480.3668085106383,1,0,Rider_Id_888
1480.3668085106383,1,0,Rider_Id_828
2102.314516129032,1,0,Rider_Id_268
1542.1756465517242,1,0,Rider_Id_276
1542.1756465517242,1,0,Rider_Id_812
1364.4262376237623,1,0,Rider_Id_79
1605.9941291585128,1,0,Rider_Id_685
1605.9941291585128,1,0,Rider_Id_510
1296.1651583710407,1,0,Rider_Id_662
2901.5882352941176,1,0,Rider_Id_821
1296.1651583710407,1,0,Rider_Id_312
1692.6276112624887,1,0,Rider_Id_402
1173.795847750865,1,0,Rider_Id_517
1296.1651583710407,1,0,Rider_Id_764
1692.6276112624887,1,0,Rider_Id_159
2102.314516129032,1,0,Rider_Id_233
1542.1756465517242,1,0,Rider_Id_871
1542.1756465517242,1,0,Rider_Id_456
1542.1756465517242,1,0,Rider_Id_290
1542.1756465517242,1,0,Rider_Id_766
1173.795847750865,1,0,Rider_Id_291
1812.0374280230326,1,0,Rider_Id_571
1173.795847750865,1,0,Rider_Id_576
1364.4262376237623,1,0,Rider_Id_136
1480.3668085106383,1,0,Rider_Id_459
1649.6213836477987,1,0,Rider_Id_152
2287.2637729549247,1,0,Rider_Id_787
1692.6276112624887,1,0,Rider_Id_215
2287.2637729549247,0,1,Rider_Id_431
996.0909090909091,1,0,Rider_Id_424
1757.3614262560777,1,0,Rider_Id_148
1421.9195305951382,1,0,Rider_Id_86
1364.4262376237623,1,0,Rider_Id_379
1480.3668085106383,1,0,Rider_Id_348
1869.7919708029196,1,0,Rider_Id_691
1973.7449168207024,1,0,Rider_Id_267
1649.6213836477987,1,0,Rider_Id_280
1812.0374280230326,1,0,Rider_Id_778
1296.1651583710407,1,0,Rider_Id_383
1812.0374280230326,1,0,Rider_Id_422
1920.6940509915014,1,0,Rider_Id_430
2627.579399141631,1,0,Rider_Id_680
1757.3614262560777,1,0,Rider_Id_120
1649.6213836477987,1,0,Rider_Id_415
1480.3668085106383,1,0,Rider_Id_574
1542.1756465517242,1,0,Rider_Id_648
1480.3668085106383,1,0,Rider_Id_74
1542.1756465517242,1,0,Rider_Id_250
1421.9195305951382,1,0,Rider_Id_628
1757.3614262560777,1,0,Rider_Id_866
1605.9941291585128,0,1,Rider_Id_428
1542.1756465517242,1,0,Rider_Id_752
1649.6213836477987,1,0,Rider_Id_854
1364.4262376237623,1,0,Rider_Id_749
1364.4262376237623,1,0,Rider_Id_205
1480.3668085106383,1,0,Rider_Id_932
1250.4728323699421,1,0,Rider_Id_434
1812.0374280230326,1,0,Rider_Id_279
1421.9195305951382,0,1,Rider_Id_112
2287.2637729549247,1,0,Rider_Id_200
1364.4262376237623,1,0,Rider_Id_862
1364.4262376237623,1,0,Rider_Id_88
1869.7919708029196,0,1,Rider_Id_151
2157.3821138211383,1,0,Rider_Id_106
2389.8713692946058,1,0,Rider_Id_831
1173.795847750865,1,0,Rider_Id_453
1480.3668085106383,1,0,Rider_Id_449
1920.6940509915014,1,0,Rider_Id_131
1757.3614262560777,1,0,Rider_Id_105
1421.9195305951382,1,0,Rider_Id_704
1296.1651583710407,1,0,Rider_Id_361
1364.4262376237623,1,0,Rider_Id_206
1973.7449168207024,1,0,Rider_Id_837
634.2428571428571,0,0,Rider_Id_193
1173.795847750865,1,0,Rider_Id_344
507.82817869415805,0,0,Rider_Id_515
1757.3614262560777,1,0,Rider_Id_549
2041.4114173228347,1,0,Rider_Id_789
1173.795847750865,1,0,Rider_Id_119
507.82817869415805,1,0,Rider_Id_396
1480.3668085106383,1,0,Rider_Id_167
1757.3614262560777,1,0,Rider_Id_26
1869.7919708029196,1,0,Rider_Id_791
1421.9195305951382,1,0,Rider_Id_698
1421.9195305951382,0,0,Rider_Id_36
1692.6276112624887,1,0,Rider_Id_329
1692.6276112624887,1,0,Rider_Id_570
1649.6213836477987,0,1,Rider_Id_641
1542.1756465517242,1,0,Rider_Id_735
1692.6276112624887,1,0,Rider_Id_127
634.2428571428571,1,0,Rider_Id_137
1296.1651583710407,1,0,Rider_Id_425
1542.1756465517242,1,0,Rider_Id_518
1364.4262376237623,1,0,Rider_Id_107
1250.4728323699421,1,0,Rider_Id_781
1692.6276112624887,1,0,Rider_Id_382
2102.314516129032,1,0,Rider_Id_805
1542.1756465517242,1,0,Rider_Id_298
2041.4114173228347,1,0,Rider_Id_755
1920.6940509915014,1,0,Rider_Id_199
1364.4262376237623,1,0,Rider_Id_320
1364.4262376237623,1,0,Rider_Id_178
1296.1651583710407,1,0,Rider_Id_857
1250.4728323699421,0,1,Rider_Id_879
634.2428571428571,0,0,Rider_Id_652
1920.6940509915014,1,0,Rider_Id_796
2041.4114173228347,1,0,Rider_Id_815
1364.4262376237623,1,0,Rider_Id_845
1542.1756465517242,1,0,Rider_Id_450
1480.3668085106383,1,0,Rider_Id_310
1480.3668085106383,1,0,Rider_Id_849
1250.4728323699421,1,0,Rider_Id_550
1296.1651583710407,1,0,Rider_Id_246
1296.1651583710407,1,0,Rider_Id_50
1421.9195305951382,1,0,Rider_Id_263
1973.7449168207024,1,0,Rider_Id_627
1421.9195305951382,1,0,Rider_Id_808
1920.6940509915014,1,0,Rider_Id_761
1692.6276112624887,1,0,Rider_Id_559
1480.3668085106383,1,0,Rider_Id_775
1480.3668085106383,1,0,Rider_Id_171
1920.6940509915014,1,0,Rider_Id_350
1692.6276112624887,1,0,Rider_Id_929
1869.7919708029196,1,0,Rider_Id_452
1364.4262376237623,1,0,Rider_Id_211
1605.9941291585128,1,0,Rider_Id_393
1605.9941291585128,1,0,Rider_Id_958
1605.9941291585128,1,0,Rider_Id_690
1364.4262376237623,1,0,Rider_Id_848
2287.2637729549247,1,0,Rider_Id_272
507.82817869415805,1,0,Rider_Id_49
1869.7919708029196,1,0,Rider_Id_548
1364.4262376237623,1,0,Rider_Id_56
1421.9195305951382,1,0,Rider_Id_8
1757.3614262560777,1,0,Rider_Id_168
1542.1756465517242,1,0,Rider_Id_731
1421.9195305951382,1,0,Rider_Id_281
2627.579399141631,0,1,Rider_Id_303
1364.4262376237623,1,0,Rider_Id_309
507.82817869415805,0,0,Rider_Id_10
1364.4262376237623,1,0,Rider_Id_819
1296.1651583710407,1,0,Rider_Id_207
1812.0374280230326,1,0,Rider_Id_682
1649.6213836477987,1,0,Rider_Id_7
1605.9941291585128,1,0,Rider_Id_751
1057.1355140186915,1,0,Rider_Id_615
1421.9195305951382,1,0,Rider_Id_851
1480.3668085106383,1,0,Rider_Id_96
1173.795847750865,1,0,Rider_Id_489
1542.1756465517242,1,0,Rider_Id_365
1757.3614262560777,1,0,Rider_Id_145
1542.1756465517242,1,0,Rider_Id_591
1692.6276112624887,1,0,Rider_Id_177
1605.9941291585128,0,1,Rider_Id_444
1812.0374280230326,1,0,Rider_Id_326
1480.3668085106383,1,0,Rider_Id_353
777.3285714285714,1,0,Rider_Id_314
1920.6940509915014,1,0,Rider_Id_60
1296.1651583710407,1,0,Rider_Id_649
1649.6213836477987,1,0,Rider_Id_620
1173.795847750865,1,0,Rider_Id_754
1296.1651583710407,1,0,Rider_Id_813
1250.4728323699421,1,0,Rider_Id_397
1757.3614262560777,1,0,Rider_Id_817
1542.1756465517242,1,0,Rider_Id_669
1542.1756465517242,1,0,Rider_Id_727
1480.3668085106383,1,0,Rider_Id_898
2157.3821138211383,1,0,Rider_Id_222
1605.9941291585128,1,0,Rider_Id_589
2157.3821138211383,1,0,Rider_Id_470
1421.9195305951382,1,0,Rider_Id_507
1692.6276112624887,1,0,Rider_Id_31
1542.1756465517242,1,0,Rider_Id_45
2102.314516129032,0,1,Rider_Id_469
1480.3668085106383,1,0,Rider_Id_297
1605.9941291585128,1,0,Rider_Id_925
1250.4728323699421,1,0,Rider_Id_670
2287.2637729549247,1,0,Rider_Id_187
2389.8713692946058,1,0,Rider_Id_599
1605.9941291585128,1,0,Rider_Id_130
1173.795847750865,1,0,Rider_Id_2
2627.579399141631,1,0,Rider_Id_202
1421.9195305951382,1,0,Rider_Id_546
1869.7919708029196,1,0,Rider_Id_512
1605.9941291585128,1,0,Rider_Id_410
1542.1756465517242,1,0,Rider_Id_742
1173.795847750865,1,0,Rider_Id_132
1812.0374280230326,1,0,Rider_Id_496
1296.1651583710407,1,0,Rider_Id_100
1605.9941291585128,1,0,Rider_Id_266
1973.7449168207024,1,0,Rider_Id_404
2102.314516129032,1,0,Rider_Id_661
1812.0374280230326,1,0,Rider_Id_25
1812.0374280230326,1,0,Rider_Id_520
1173.795847750865,1,0,Rider_Id_179
1812.0374280230326,1,0,Rider_Id_729
2627.579399141631,0,1,Rider_Id_554
1173.795847750865,1,0,Rider_Id_678
1250.4728323699421,1,0,Rider_Id_156
2287.2637729549247,1,0,Rider_Id_175
2157.3821138211383,1,0,Rider_Id_584
2287.2637729549247,1,0,Rider_Id_804
2041.4114173228347,1,0,Rider_Id_48
1920.6940509915014,1,0,Rider_Id_313
1173.795847750865,1,0,Rider_Id_337
1480.3668085106383,1,0,Rider_Id_27
1421.9195305951382,1,0,Rider_Id_343
1421.9195305951382,1,0,Rider_Id_52
1605.9941291585128,1,0,Rider_Id_951
1542.1756465517242,1,0,Rider_Id_377
1692.6276112624887,0,1,Rider_Id_197
1173.795847750865,0,0,Rider_Id_288
1692.6276112624887,1,0,Rider_Id_154
1480.3668085106383,1,0,Rider_Id_733
1364.4262376237623,1,0,Rider_Id_616
1605.9941291585128,1,0,Rider_Id_643
2157.3821138211383,1,0,Rider_Id_703
1542.1756465517242,0,1,Rider_Id_540
1973.7449168207024,1,0,Rider_Id_543
889.3928571428571,1,0,Rider_Id_842
1542.1756465517242,1,0,Rider_Id_583
1364.4262376237623,0,0,Rider_Id_295
1812.0374280230326,1,0,Rider_Id_686
2389.8713692946058,0,1,Rider_Id_42
1812.0374280230326,1,0,Rider_Id_890
1812.0374280230326,0,1,Rider_Id_673
1973.7449168207024,1,0,Rider_Id_702
1920.6940509915014,1,0,Rider_Id_908
2157.3821138211383,1,0,Rider_Id_784
1649.6213836477987,1,0,Rider_Id_956
1480.3668085106383,1,0,Rider_Id_158
889.3928571428571,1,0,Rider_Id_658
1296.1651583710407,1,0,Rider_Id_623
1973.7449168207024,1,0,Rider_Id_192
1173.795847750865,1,0,Rider_Id_875
1605.9941291585128,1,0,Rider_Id_327
1364.4262376237623,1,0,Rider_Id_341
1757.3614262560777,1,0,Rider_Id_306
1757.3614262560777,1,0,Rider_Id_4
1250.4728323699421,1,0,Rider_Id_315
1364.4262376237623,1,0,Rider_Id_910
1480.3668085106383,1,0,Rider_Id_68
2041.4114173228347,1,0,Rider_Id_95
1250.4728323699421,1,0,Rider_Id_843
1364.4262376237623,1,0,Rider_Id_611
1173.795847750865,1,0,Rider_Id_598
1057.1355140186915,1,0,Rider_Id_318
1973.7449168207024,1,0,Rider_Id_880
1812.0374280230326,1,0,Rider_Id_847
1542.1756465517242,1,0,Rider_Id_858
2627.579399141631,1,0,Rider_Id_301
1757.3614262560777,1,0,Rider_Id_304
1542.1756465517242,1,0,Rider_Id_354
1421.9195305951382,1,0,Rider_Id_65
2627.579399141631,1,0,Rider_Id_64
1649.6213836477987,1,0,Rider_Id_166
1869.7919708029196,1,0,Rider_Id_384
1869.7919708029196,1,0,Rider_Id_557
1920.6940509915014,1,0,Rider_Id_81
1920.6940509915014,1,0,Rider_Id_916
1364.4262376237623,1,0,Rider_Id_803
1480.3668085106383,1,0,Rider_Id_722
1869.7919708029196,1,0,Rider_Id_853
2627.579399141631,1,0,Rider_Id_883
1296.1651583710407,1,0,Rider_Id_172
2287.2637729549247,1,0,Rider_Id_594
996.0909090909091,1,0,Rider_Id_809
1692.6276112624887,1,0,Rider_Id_144
2287.2637729549247,1,0,Rider_Id_226
1421.9195305951382,1,0,Rider_Id_219
2287.2637729549247,1,0,Rider_Id_181
1757.3614262560777,0,1,Rider_Id_899
1869.7919708029196,0,1,Rider_Id_511
889.3928571428571,1,0,Rider_Id_535
1812.0374280230326,1,0,Rider_Id_218
1757.3614262560777,1,0,Rider_Id_612
1605.9941291585128,1,0,Rider_Id_87
1920.6940509915014,0,1,Rider_Id_134
996.0909090909091,1,0,Rider_Id_503
1649.6213836477987,1,0,Rider_Id_283
1480.3668085106383,1,0,Rider_Id_852
1480.3668085106383,1,0,Rider_Id_933
1250.4728323699421,1,0,Rider_Id_801
1364.4262376237623,1,0,Rider_Id_232
1542.1756465517242,1,0,Rider_Id_62
1421.9195305951382,1,0,Rider_Id_906
1757.3614262560777,1,0,Rider_Id_651
1480.3668085106383,1,0,Rider_Id_196
1649.6213836477987,1,0,Rider_Id_55
1869.7919708029196,1,0,Rider_Id_715
1692.6276112624887,1,0,Rider_Id_260
1421.9195305951382,1,0,Rider_Id_125
1605.9941291585128,1,0,Rider_Id_646
1480.3668085106383,1,0,Rider_Id_629
2287.2637729549247,1,0,Rider_Id_800
1480.3668085106383,1,0,Rider_Id_191
1605.9941291585128,1,0,Rider_Id_762
1480.3668085106383,1,0,Rider_Id_674
2287.2637729549247,1,0,Rider_Id_387
2627.579399141631,1,0,Rider_Id_938
1364.4262376237623,1,0,Rider_Id_541
1173.795847750865,1,0,Rider_Id_822
1296.1651583710407,1,0,Rider_Id_368
996.0909090909091,1,0,Rider_Id_485
1920.6940509915014,1,0,Rider_Id_948
996.0909090909091,1,0,Rider_Id_111
1692.6276112624887,1,0,Rider_Id_506
1869.7919708029196,1,0,Rider_Id_684
1649.6213836477987,1,0,Rider_Id_228
507.82817869415805,1,0,Rider_Id_41
1542.1756465517242,0,0,Rider_Id_863
996.0909090909091,1,0,Rider_Id_501
1692.6276112624887,1,0,Rider_Id_89
1421.9195305951382,1,0,Rider_Id_695
263.85,1,0,Rider_Id_723
2287.2637729549247,1,0,Rider_Id_802
1250.4728323699421,1,0,Rider_Id_445
1973.7449168207024,1,0,Rider_Id_946
1542.1756465517242,0,1,Rider_Id_467
1605.9941291585128,1,0,Rider_Id_545
2627.579399141631,1,0,Rider_Id_697
1973.7449168207024,1,0,Rider_Id_490
2389.8713692946058,1,0,Rider_Id_162
2157.3821138211383,1,0,Rider_Id_423
2102.314516129032,1,0,Rider_Id_876
2287.2637729549247,1,0,Rider_Id_184
2041.4114173228347,1,0,Rider_Id_581
1364.4262376237623,1,0,Rider_Id_750
1296.1651583710407,1,0,Rider_Id_839
1605.9941291585128,1,0,Rider_Id_567
2287.2637729549247,1,0,Rider_Id_928
1296.1651583710407,1,0,Rider_Id_663
2389.8713692946058,1,0,Rider_Id_235
889.3928571428571,1,0,Rider_Id_15
1542.1756465517242,1,0,Rider_Id_213
1480.3668085106383,1,0,Rider_Id_322
1920.6940509915014,1,0,Rider_Id_143
1480.3668085106383,0,0,Rider_Id_406
1757.3614262560777,1,0,Rider_Id_624
1649.6213836477987,1,0,Rider_Id_865
1869.7919708029196,1,0,Rider_Id_275
996.0909090909091,1,0,Rider_Id_242
1542.1756465517242,1,0,Rider_Id_774
1542.1756465517242,0,0,Rider_Id_740
1296.1651583710407,1,0,Rider_Id_72
1920.6940509915014,1,0,Rider_Id_931
1542.1756465517242,1,0,Rider_Id_412
1542.1756465517242,1,0,Rider_Id_633
777.3285714285714,0,1,Rider_Id_252
1757.3614262560777,1,0,Rider_Id_758
889.3928571428571,1,0,Rider_Id_566
1421.9195305951382,1,0,Rider_Id_414
1480.3668085106383,1,0,Rider_Id_920
1692.6276112624887,1,0,Rider_Id_864
1812.0374280230326,1,0,Rider_Id_254
2041.4114173228347,1,0,Rider_Id_123
1364.4262376237623,1,0,Rider_Id_439
2389.8713692946058,1,0,Rider_Id_936
1869.7919708029196,1,0,Rider_Id_877
1542.1756465517242,1,0,Rider_Id_293
1973.7449168207024,1,0,Rider_Id_351
2041.4114173228347,1,0,Rider_Id_654
1692.6276112624887,1,0,Rider_Id_429
1920.6940509915014,1,0,Rider_Id_416
395.2881355932203,1,0,Rider_Id_472
1920.6940509915014,1,0,Rider_Id_626
1542.1756465517242,1,0,Rider_Id_345
1649.6213836477987,1,0,Rider_Id_900
1757.3614262560777,1,0,Rider_Id_122
1296.1651583710407,1,0,Rider_Id_683
1605.9941291585128,1,0,Rider_Id_240
2041.4114173228347,0,0,Rider_Id_11
1757.3614262560777,1,0,Rider_Id_334
1973.7449168207024,1,0,Rider_Id_580
1692.6276112624887,1,0,Rider_Id_210
1173.795847750865,1,0,Rider_Id_138
889.3928571428571,1,0,Rider_Id_403
1757.3614262560777,1,0,Rider_Id_317
996.0909090909091,1,0,Rider_Id_744
4076.3,1,0,Rider_Id_560
1920.6940509915014,0,1,Rider_Id_311
2041.4114173228347,1,0,Rider_Id_223
1173.795847750865,1,0,Rider_Id_783
1605.9941291585128,1,0,Rider_Id_955
1542.1756465517242,1,0,Rider_Id_806
1364.4262376237623,1,0,Rider_Id_216
1973.7449168207024,1,0,Rider_Id_234
1542.1756465517242,1,0,Rider_Id_126
777.3285714285714,1,0,Rider_Id_70
1757.3614262560777,1,0,Rider_Id_942
1692.6276112624887,1,0,Rider_Id_359
1542.1756465517242,1,0,Rider_Id_129
1296.1651583710407,1,0,Rider_Id_636
2627.579399141631,1,0,Rider_Id_418
263.85,1,0,Rider_Id_927
395.2881355932203,1,0,Rider_Id_51
1605.9941291585128,1,0,Rider_Id_926
1364.4262376237623,1,0,Rider_Id_874
1542.1756465517242,1,0,Rider_Id_763
1542.1756465517242,1,0,Rider_Id_19
1364.4262376237623,0,1,Rider_Id_696
1757.3614262560777,1,0,Rider_Id_307
1605.9941291585128,1,0,Rider_Id_777
1757.3614262560777,0,1,Rider_Id_617
1692.6276112624887,1,0,Rider_Id_99
1296.1651583710407,1,0,Rider_Id_653
2287.2637729549247,1,0,Rider_Id_420
3286.6296296296296,1,0,Rider_Id_33
2287.2637729549247,1,0,Rider_Id_533
2389.8713692946058,1,0,Rider_Id_700
1692.6276112624887,1,0,Rider_Id_798
1812.0374280230326,1,0,Rider_Id_92
1057.1355140186915,0,0,Rider_Id_921
3286.6296296296296,1,0,Rider_Id_859
2287.2637729549247,1,0,Rider_Id_248
1973.7449168207024,0,1,Rider_Id_362
1250.4728323699421,1,0,Rider_Id_258
2627.579399141631,1,0,Rider_Id_271
1364.4262376237623,1,0,Rider_Id_40
1757.3614262560777,1,0,Rider_Id_706
2287.2637729549247,1,0,Rider_Id_498
2102.314516129032,1,0,Rider_Id_644
1421.9195305951382,1,0,Rider_Id_919
1480.3668085106383,1,0,Rider_Id_243
1605.9941291585128,1,0,Rider_Id_671
2287.2637729549247,1,0,Rider_Id_93
1812.0374280230326,1,0,Rider_Id_588
1296.1651583710407,1,0,Rider_Id_901
1421.9195305951382,1,0,Rider_Id_381
1757.3614262560777,1,0,Rider_Id_578
1869.7919708029196,0,1,Rider_Id_204
1364.4262376237623,1,0,Rider_Id_826
2901.5882352941176,1,0,Rider_Id_772
1364.4262376237623,1,0,Rider_Id_174
1869.7919708029196,1,0,Rider_Id_46
2287.2637729549247,1,0,Rider_Id_117
1605.9941291585128,1,0,Rider_Id_400
1812.0374280230326,1,0,Rider_Id_435
1973.7449168207024,1,0,Rider_Id_605
1757.3614262560777,1,0,Rider_Id_870
1757.3614262560777,1,0,Rider_Id_164
1364.4262376237623,1,0,Rider_Id_378
1296.1651583710407,1,0,Rider_Id_886
2287.2637729549247,1,0,Rider_Id_419
1421.9195305951382,1,0,Rider_Id_940
1173.795847750865,1,0,Rider_Id_282
1812.0374280230326,1,0,Rider_Id_487
777.3285714285714,1,0,Rider_Id_128
1173.795847750865,1,0,Rider_Id_790
1480.3668085106383,1,0,Rider_Id_539
1869.7919708029196,1,0,Rider_Id_582
2102.314516129032,0,1,Rider_Id_939
1649.6213836477987,1,0,Rider_Id_907
1812.0374280230326,0,1,Rider_Id_657
1757.3614262560777,1,0,Rider_Id_779
1605.9941291585128,1,0,Rider_Id_595
1757.3614262560777,1,0,Rider_Id_895
1605.9941291585128,1,0,Rider_Id_935
1057.1355140186915,1,0,Rider_Id_659
1692.6276112624887,1,0,Rider_Id_157
2041.4114173228347,1,0,Rider_Id_300
2287.2637729549247,1,0,Rider_Id_478
2287.2637729549247,1,0,Rider_Id_608
1973.7449168207024,1,0,Rider_Id_712
1812.0374280230326,1,0,Rider_Id_38
1542.1756465517242,1,0,Rider_Id_959
2041.4114173228347,1,0,Rider_Id_739
2627.579399141631,1,0,Rider_Id_30
1692.6276112624887,1,0,Rider_Id_140
1542.1756465517242,1,0,Rider_Id_392
1649.6213836477987,1,0,Rider_Id_894
1250.4728323699421,1,0,Rider_Id_69
1757.3614262560777,1,0,Rider_Id_227
2157.3821138211383,1,0,Rider_Id_609
777.3285714285714,1,0,Rider_Id_358
1421.9195305951382,1,0,Rider_Id_786
1421.9195305951382,1,0,Rider_Id_212
1173.795847750865,1,0,Rider_Id_22
1692.6276112624887,1,0,Rider_Id_914
1973.7449168207024,1,0,Rider_Id_579
1869.7919708029196,1,0,Rider_Id_475
1605.9941291585128,1,0,Rider_Id_299
2901.5882352941176,1,0,Rider_Id_198
2389.8713692946058,1,0,Rider_Id_572
1057.1355140186915,1,0,Rider_Id_587
1173.795847750865,1,0,Rider_Id_355
2901.5882352941176,0,1,Rider_Id_292
1869.7919708029196,1,0,Rider_Id_569
1364.4262376237623,1,0,Rider_Id_289
1480.3668085106383,1,0,Rider_Id_217
1920.6940509915014,1,0,Rider_Id_43
3286.6296296296296,1,0,Rider_Id_83
2287.2637729549247,1,0,Rider_Id_238
1173.795847750865,1,0,Rider_Id_655
889.3928571428571,1,0,Rider_Id_375
1364.4262376237623,1,0,Rider_Id_253
1869.7919708029196,1,0,Rider_Id_285
1421.9195305951382,1,0,Rider_Id_176
2041.4114173228347,1,0,Rider_Id_631
1250.4728323699421,1,0,Rider_Id_24
4076.3,0,1,Rider_Id_94
1973.7449168207024,1,0,Rider_Id_287
1869.7919708029196,1,0,Rider_Id_340
1480.3668085106383,1,0,Rider_Id_324
1173.795847750865,1,0,Rider_Id_336
1057.1355140186915,1,0,Rider_Id_284
1920.6940509915014,1,0,Rider_Id_769
1542.1756465517242,1,0,Rider_Id_782
1480.3668085106383,1,0,Rider_Id_832
1692.6276112624887,1,0,Rider_Id_495
1480.3668085106383,1,0,Rider_Id_836
2627.579399141631,1,0,Rider_Id_718
996.0909090909091,1,0,Rider_Id_575
1692.6276112624887,1,0,Rider_Id_133
996.0909090909091,1,0,Rider_Id_273
1057.1355140186915,1,0,Rider_Id_241
1421.9195305951382,1,0,Rider_Id_186
2287.2637729549247,1,0,Rider_Id_618
1057.1355140186915,1,0,Rider_Id_491
1973.7449168207024,1,0,Rider_Id_614
2389.8713692946058,1,0,Rider_Id_911
2389.8713692946058,1,0,Rider_Id_593
1605.9941291585128,1,0,Rider_Id_538
2102.314516129032,1,0,Rider_Id_827
1649.6213836477987,1,0,Rider_Id_590
1364.4262376237623,1,0,Rider_Id_708
1364.4262376237623,1,0,Rider_Id_732
2389.8713692946058,1,0,Rider_Id_867
1757.3614262560777,1,0,Rider_Id_747
2287.2637729549247,1,0,Rider_Id_458
777.3285714285714,1,0,Rider_Id_694
1296.1651583710407,1,0,Rider_Id_139
507.82817869415805,0,1,Rider_Id_37
1920.6940509915014,0,1,Rider_Id_236
1649.6213836477987,1,0,Rider_Id_71
2627.579399141631,1,0,Rider_Id_457
1692.6276112624887,1,0,Rider_Id_923
2287.2637729549247,0,1,Rider_Id_672
1812.0374280230326,0,1,Rider_Id_142
2389.8713692946058,1,0,Rider_Id_63
2157.3821138211383,1,0,Rider_Id_321
2041.4114173228347,1,0,Rider_Id_553
1364.4262376237623,1,0,Rider_Id_728
2041.4114173228347,0,1,Rider_Id_502
1605.9941291585128,1,0,Rider_Id_150
1250.4728323699421,1,0,Rider_Id_386
1605.9941291585128,1,0,Rider_Id_522
1364.4262376237623,1,0,Rider_Id_360
1812.0374280230326,1,0,Rider_Id_224
1812.0374280230326,1,0,Rider_Id_494
1757.3614262560777,1,0,Rider_Id_54
1605.9941291585128,1,0,Rider_Id_352
1692.6276112624887,1,0,Rider_Id_399
1250.4728323699421,1,0,Rider_Id_656
1250.4728323699421,1,0,Rider_Id_90
263.85,0,0,Rider_Id_818
1057.1355140186915,1,0,Rider_Id_333
3286.6296296296296,0,1,Rider_Id_244
889.3928571428571,0,1,Rider_Id_5
1757.3614262560777,1,0,Rider_Id_183
1057.1355140186915,1,0,Rider_Id_259
1250.4728323699421,0,1,Rider_Id_473
1173.795847750865,1,0,Rider_Id_486
1480.3668085106383,1,0,Rider_Id_426
1973.7449168207024,0,1,Rider_Id_719
1920.6940509915014,1,0,Rider_Id_451
1605.9941291585128,1,0,Rider_Id_635
1480.3668085106383,1,0,Rider_Id_524
1692.6276112624887,1,0,Rider_Id_20
2627.579399141631,1,0,Rider_Id_12
1973.7449168207024,0,1,Rider_Id_118
1421.9195305951382,1,0,Rider_Id_746
1421.9195305951382,1,0,Rider_Id_820
1421.9195305951382,1,0,Rider_Id_807
634.2428571428571,0,0,Rider_Id_717
2901.5882352941176,1,0,Rider_Id_884
1869.7919708029196,1,0,Rider_Id_195
2102.314516129032,1,0,Rider_Id_741
1605.9941291585128,1,0,Rider_Id_905
2287.2637729549247,1,0,Rider_Id_421
2389.8713692946058,0,1,Rider_Id_109
1173.795847750865,1,0,Rider_Id_433
1173.795847750865,1,0,Rider_Id_924
1920.6940509915014,1,0,Rider_Id_372
2901.5882352941176,1,0,Rider_Id_488
1920.6940509915014,1,0,Rider_Id_537
1692.6276112624887,1,0,Rider_Id_78
1542.1756465517242,1,0,Rider_Id_642
1421.9195305951382,0,1,Rider_Id_592
1869.7919708029196,1,0,Rider_Id_257
1250.4728323699421,1,0,Rider_Id_943
1296.1651583710407,1,0,Rider_Id_768
1920.6940509915014,1,0,Rider_Id_505
1480.3668085106383,1,0,Rider_Id_256
1250.4728323699421,1,0,Rider_Id_189
2041.4114173228347,0,1,Rider_Id_104
395.2881355932203,1,0,Rider_Id_29
2389.8713692946058,1,0,Rider_Id_699
1869.7919708029196,1,0,Rider_Id_82
1649.6213836477987,1,0,Rider_Id_930
996.0909090909091,1,0,Rider_Id_35
2041.4114173228347,1,0,Rider_Id_440
1692.6276112624887,1,0,Rider_Id_788
4076.3,1,0,Rider_Id_730
1649.6213836477987,0,1,Rider_Id_713
1296.1651583710407,1,0,Rider_Id_461
1364.4262376237623,1,0,Rider_Id_454
1480.3668085106383,0,1,Rider_Id_552
1421.9195305951382,1,0,Rider_Id_692
2627.579399141631,1,0,Rider_Id_325
2102.314516129032,1,0,Rider_Id_347
1869.7919708029196,1,0,Rider_Id_331
4076.3,1,0,Rider_Id_357
889.3928571428571,1,0,Rider_Id_891
996.0909090909091,1,0,Rider_Id_610
2287.2637729549247,1,0,Rider_Id_760
1692.6276112624887,1,0,Rider_Id_756
1296.1651583710407,1,0,Rider_Id_941
996.0909090909091,1,0,Rider_Id_370
1812.0374280230326,0,1,Rider_Id_602
1173.795847750865,1,0,Rider_Id_687
1480.3668085106383,1,0,Rider_Id_585
1173.795847750865,1,0,Rider_Id_173
1421.9195305951382,1,0,Rider_Id_16
2041.4114173228347,1,0,Rider_Id_504
1920.6940509915014,1,0,Rider_Id_516
2287.2637729549247,1,0,Rider_Id_442
2389.8713692946058,1,0,Rider_Id_395
2627.579399141631,1,0,Rider_Id_493
1649.6213836477987,1,0,Rider_Id_892
1480.3668085106383,1,0,Rider_Id_460
1649.6213836477987,1,0,Rider_Id_466
2389.8713692946058,1,0,Rider_Id_373
1364.4262376237623,1,0,Rider_Id_509
1812.0374280230326,1,0,Rider_Id_513
2901.5882352941176,1,0,Rider_Id_824
1973.7449168207024,0,1,Rider_Id_255
1364.4262376237623,1,0,Rider_Id_339
1605.9941291585128,1,0,Rider_Id_902
889.3928571428571,1,0,Rider_Id_897
1605.9941291585128,1,0,Rider_Id_468
1973.7449168207024,1,0,Rider_Id_689
1173.795847750865,1,0,Rider_Id_274
634.2428571428571,1,0,Rider_Id_714
634.2428571428571,0,0,Rider_Id_376
2901.5882352941176,1,0,Rider_Id_677
1973.7449168207024,0,1,Rider_Id_480
1057.1355140186915,1,0,Rider_Id_356
1757.3614262560777,1,0,Rider_Id_830
1542.1756465517242,1,0,Rider_Id_544
2157.3821138211383,0,1,Rider_Id_17
2102.314516129032,1,0,Rider_Id_556
777.3285714285714,0,0,Rider_Id_380
1757.3614262560777,1,0,Rider_Id_893
1649.6213836477987,1,0,Rider_Id_14
634.2428571428571,1,0,Rider_Id_405
889.3928571428571,1,0,Rider_Id_113
1973.7449168207024,1,0,Rider_Id_869
1480.3668085106383,1,0,Rider_Id_497
2389.8713692946058,1,0,Rider_Id_530
2157.3821138211383,1,0,Rider_Id_917
2901.5882352941176,1,0,Rider_Id_799
1649.6213836477987,1,0,Rider_Id_84
1869.7919708029196,1,0,Rider_Id_896
1605.9941291585128,1,0,Rider_Id_736
1421.9195305951382,1,0,Rider_Id_463
889.3928571428571,1,0,Rider_Id_850
1173.795847750865,1,0,Rider_Id_597
1542.1756465517242,1,0,Rider_Id_640
1869.7919708029196,1,0,Rider_Id_278
1812.0374280230326,1,0,Rider_Id_912
395.2881355932203,1,0,Rider_Id_816
3286.6296296296296,1,0,Rider_Id_934
2041.4114173228347,1,0,Rider_Id_534
1250.4728323699421,1,0,Rider_Id_681
1364.4262376237623,1,0,Rider_Id_825
1692.6276112624887,1,0,Rider_Id_91
3286.6296296296296,1,0,Rider_Id_385
2627.579399141631,1,0,Rider_Id_887
4076.3,1,0,Rider_Id_542
2627.579399141631,0,1,Rider_Id_316
1364.4262376237623,1,0,Rider_Id_80
1296.1651583710407,1,0,Rider_Id_600
777.3285714285714,1,0,Rider_Id_780
2901.5882352941176,1,0,Rider_Id_918
1173.795847750865,1,0,Rider_Id_180
2287.2637729549247,1,0,Rider_Id_58
777.3285714285714,1,0,Rider_Id_390
2627.579399141631,1,0,Rider_Id_734
1173.795847750865,1,0,Rider_Id_28
996.0909090909091,1,0,Rider_Id_97
2041.4114173228347,1,0,Rider_Id_479
1605.9941291585128,0,1,Rider_Id_169
1057.1355140186915,1,0,Rider_Id_57
1173.795847750865,0,1,Rider_Id_77
2287.2637729549247,0,1,Rider_Id_47
263.85,0,0,Rider_Id_947
507.82817869415805,1,0,Rider_Id_915
2627.579399141631,1,0,Rider_Id_500
1812.0374280230326,1,0,Rider_Id_922
889.3928571428571,1,0,Rider_Id_388
1920.6940509915014,1,0,Rider_Id_294
2041.4114173228347,1,0,Rider_Id_665
996.0909090909091,1,0,Rider_Id_464
2901.5882352941176,1,0,Rider_Id_149
1920.6940509915014,1,0,Rider_Id_679
1649.6213836477987,1,0,Rider_Id_586
1421.9195305951382,1,0,Rider_Id_201
1920.6940509915014,0,1,Rider_Id_577
1605.9941291585128,1,0,Rider_Id_561
1542.1756465517242,1,0,Rider_Id_664
1605.9941291585128,0,1,Rider_Id_526
1173.795847750865,1,0,Rider_Id_840
1173.795847750865,1,0,Rider_Id_568
1920.6940509915014,0,1,Rider_Id_748
2287.2637729549247,1,0,Rider_Id_573
2627.579399141631,0,1,Rider_Id_165
3286.6296296296296,0,1,Rider_Id_66
1812.0374280230326,1,0,Rider_Id_417
777.3285714285714,0,1,Rider_Id_527
1480.3668085106383,1,0,Rider_Id_363
1480.3668085106383,0,1,Rider_Id_163
2901.5882352941176,1,0,Rider_Id_625
996.0909090909091,1,0,Rider_Id_146
1757.3614262560777,1,0,Rider_Id_499
3286.6296296296296,0,1,Rider_Id_391
1605.9941291585128,1,0,Rider_Id_724
2157.3821138211383,0,1,Rider_Id_471
263.85,1,0,Rider_Id_214
1421.9195305951382,1,0,Rider_Id_141
1973.7449168207024,1,0,Rider_Id_455
2901.5882352941176,1,0,Rider_Id_59
4076.3,0,1,Rider_Id_305
1605.9941291585128,1,0,Rider_Id_483
2389.8713692946058,1,0,Rider_Id_34
1250.4728323699421,1,0,Rider_Id_369
1057.1355140186915,1,0,Rider_Id_476
2102.314516129032,1,0,Rider_Id_413
1605.9941291585128,1,0,Rider_Id_737
2287.2637729549247,1,0,Rider_Id_693
1480.3668085106383,1,0,Rider_Id_797
1973.7449168207024,0,1,Rider_Id_286
4076.3,0,1,Rider_Id_792
2627.579399141631,0,1,Rider_Id_230
1542.1756465517242,0,1,Rider_Id_115
3286.6296296296296,0,1,Rider_Id_44
1920.6940509915014,1,0,Rider_Id_3
889.3928571428571,1,0,Rider_Id_264
3286.6296296296296,1,0,Rider_Id_32
1480.3668085106383,1,0,Rider_Id_225
1480.3668085106383,1,0,Rider_Id_838
1542.1756465517242,1,0,Rider_Id_701
1920.6940509915014,1,0,Rider_Id_716
996.0909090909091,0,1,Rider_Id_909
1057.1355140186915,1,0,Rider_Id_603
1173.795847750865,1,0,Rider_Id_398
1692.6276112624887,1,0,Rider_Id_944
1173.795847750865,1,0,Rider_Id_632
1421.9195305951382,1,0,Rider_Id_621
2389.8713692946058,1,0,Rider_Id_308
889.3928571428571,0,1,Rider_Id_823
1296.1651583710407,1,0,Rider_Id_277
1364.4262376237623,1,0,Rider_Id_98
1296.1651583710407,1,0,Rider_Id_221
1250.4728323699421,1,0,Rider_Id_601
1057.1355140186915,1,0,Rider_Id_319
1757.3614262560777,1,0,Rider_Id_835
2901.5882352941176,1,0,Rider_Id_346
1692.6276112624887,0,1,Rider_Id_889
1173.795847750865,1,0,Rider_Id_563
1649.6213836477987,1,0,Rider_Id_604
1757.3614262560777,1,0,Rider_Id_262
1649.6213836477987,1,0,Rider_Id_811
1757.3614262560777,1,0,Rider_Id_209
3286.6296296296296,1,0,Rider_Id_296
3286.6296296296296,0,1,Rider_Id_13
3286.6296296296296,0,1,Rider_Id_371
1812.0374280230326,1,0,Rider_Id_110
1973.7449168207024,1,0,Rider_Id_950
2041.4114173228347,0,1,Rider_Id_323
1421.9195305951382,1,0,Rider_Id_270
1920.6940509915014,1,0,Rider_Id_182
889.3928571428571,1,0,Rider_Id_666
1812.0374280230326,1,0,Rider_Id_558
1973.7449168207024,1,0,Rider_Id_833
1812.0374280230326,1,0,Rider_Id_765
3286.6296296296296,1,0,Rider_Id_121
1649.6213836477987,0,1,Rider_Id_834
2389.8713692946058,1,0,Rider_Id_711
1364.4262376237623,1,0,Rider_Id_1
2157.3821138211383,1,0,Rider_Id_18
1421.9195305951382,1,0,Rider_Id_0
1250.4728323699421,0,1,Rider_Id_738
634.2428571428571,0,1,Rider_Id_745
1173.795847750865,1,0,Rider_Id_481
1057.1355140186915,1,0,Rider_Id_251
2901.5882352941176,1,0,Rider_Id_492
1973.7449168207024,0,1,Rider_Id_954
4076.3,0,1,Rider_Id_203
889.3928571428571,1,0,Rider_Id_525
1421.9195305951382,0,1,Rider_Id_220
996.0909090909091,1,0,Rider_Id_170
395.2881355932203,1,0,Rider_Id_794
2102.314516129032,1,0,Rider_Id_342
889.3928571428571,0,1,Rider_Id_528
2287.2637729549247,0,1,Rider_Id_638
2389.8713692946058,0,1,Rider_Id_773
634.2428571428571,0,1,Rider_Id_860
1649.6213836477987,1,0,Rider_Id_53
